{
    "input_folder": {
        "foreground_mean": {
            "Dice": 0.8816677795748307,
            "FN": 194.96346153846153,
            "FP": 191.22692307692307,
            "IoU": 0.7899731634476335,
            "TN": 60954.46153846153,
            "TP": 1452.6403846153846,
            "n_pred": 1643.8673076923078,
            "n_ref": 1647.603846153846
        },
        "mean": {
            "1": {
                "Dice": 0.8901931187148664,
                "FN": 184.95384615384614,
                "FP": 189.17307692307693,
                "IoU": 0.8035415292336214,
                "TN": 60888.973076923074,
                "TP": 1530.1923076923076,
                "n_pred": 1719.3653846153845,
                "n_ref": 1715.1461538461538
            },
            "2": {
                "Dice": 0.8731424404347948,
                "FN": 204.97307692307692,
                "FP": 193.28076923076924,
                "IoU": 0.7764047976616455,
                "TN": 61019.95,
                "TP": 1375.0884615384616,
                "n_pred": 1568.3692307692309,
                "n_ref": 1580.0615384615385
            }
        }
    },
    "postprocessed": {
        "foreground_mean": {
            "Dice": 0.8816829334930297,
            "FN": 194.96346153846153,
            "FP": 191.16153846153847,
            "IoU": 0.7899957717023832,
            "TN": 60954.52692307692,
            "TP": 1452.6403846153846,
            "n_pred": 1643.8019230769232,
            "n_ref": 1647.603846153846
        },
        "mean": {
            "1": {
                "Dice": 0.8901942952600059,
                "FN": 184.95384615384614,
                "FP": 189.16923076923078,
                "IoU": 0.8035433615667814,
                "TN": 60888.97692307692,
                "TP": 1530.1923076923076,
                "n_pred": 1719.3615384615384,
                "n_ref": 1715.1461538461538
            },
            "2": {
                "Dice": 0.8731715717260535,
                "FN": 204.97307692307692,
                "FP": 193.15384615384616,
                "IoU": 0.776448181837985,
                "TN": 61020.07692307692,
                "TP": 1375.0884615384616,
                "n_pred": 1568.2423076923078,
                "n_ref": 1580.0615384615385
            }
        }
    },
    "postprocessing_fns": [
        "remove_all_but_largest_component_from_segmentation"
    ],
    "postprocessing_kwargs": [
        {
            "labels_or_regions": [
                1,
                2
            ]
        }
    ]
}